Dataset_Name,Valuation_Profile,Dataset_Group,Business_Line,Value_Date
LONDON_CORE,CSA,GRMLONMO,SRT,23-03-2020
LONDON_CORE_LMM,CSA,GRMLONMO,SRT,23-03-2020
LONDON_NOTES,CSA,GRMLONMO,SRT,23-03-2020
LONDONFLOW1,CSA,GRMLONMO,FRT,23-03-2020
LONDONFLOW2,CSA,GRMLONMO,FRT,23-03-2020
LONDONFLOW3,CSA,GRMLONMO,FRT,23-03-2020
TOR1,CSA,GRMLONMO,FRT,23-03-2020
TOR2,CSA,GRMLONMO,FRT,23-03-2020
TOR3,CSA,GRMLONMO,FRT,23-03-2020
TOREST1,CSA,GRMESTMO,FRT,23-03-2020
TOREST2,CSA,GRMESTMO,FRT,23-03-2020
TOREST3,CSA,GRMESTMO,FRT,23-03-2020
INFLATION,CSA,GRMLONMO,SRT,23-03-2020
INFLATIONEST,CSA,GRMESTMO,SRT,23-03-2020
LONDON_CORE,SCSA,GRMLONMO,SRT,23-03-2020
LONDON_CORE_LMM,SCSA,GRMLONMO,SRT,23-03-2020
LONDON_NOTES,SCSA,GRMLONMO,SRT,23-03-2020
LONDONFLOW1,SCSA,GRMLONMO,FRT,23-03-2020
LONDONFLOW2,SCSA,GRMLONMO,FRT,23-03-2020
LONDONFLOW3,SCSA,GRMLONMO,FRT,23-03-2020
TOR1,SCSA,GRMLONMO,FRT,23-03-2020
TOR2,SCSA,GRMLONMO,FRT,23-03-2020
TOR3,SCSA,GRMLONMO,FRT,23-03-2020
TOREST1,SCSA,GRMESTMO,FRT,23-03-2020
TOREST2,SCSA,GRMESTMO,FRT,23-03-2020
TOREST3,SCSA,GRMESTMO,FRT,23-03-2020
INFLATION,SCSA,GRMLONMO,SRT,23-03-2020
INFLATIONEST,SCSA,GRMLONMO,SRT,23-03-2020
LONDON_CORE,CSA,EODLONFO1,SRT,23-03-2020
LONDON_CORE_LMM,CSA,EODLONFO1,SRT,23-03-2020
LONDON_NOTES,CSA,EODLONFO1,SRT,23-03-2020
LONDONFLOW1,CSA,EODLONFO1,FRT,23-03-2020
LONDONFLOW2,CSA,EODLONFO1,FRT,23-03-2020
LONDONFLOW3,CSA,EODLONFO1,FRT,23-03-2020
TOR1,CSA,EODLONFO1,FRT,23-03-2020
TOR2,CSA,EODLONFO1,FRT,23-03-2020
TOR3,CSA,EODLONFO1,FRT,23-03-2020
TOREST1,CSA,EODESTMO,FRT,23-03-2020
TOREST2,CSA,EODESTMO,FRT,23-03-2020
TOREST3,CSA,EODESTMO,FRT,23-03-2020
XCCY_SWAPS,CSA,EODLONFO1,SRT,23-03-2020
XCCY_SWAPS_MINOR,CSA,EODLONFO1,SRT,23-03-2020
XCCY_SWAPS_EXPR,CSA,EODLONFO1,SRT,23-03-2020
XCCY_SWAPS_EXPR_MINOR,CSA,EODLONFO1,SRT,23-03-2020
INFLATION,CSA,EODLONFO1,SRT,23-03-2020
INFLATIONEST,CSA,EODESTMO,SRT,23-03-2020
LONDON_CORE,SCSA,EODLONFO1,SRT,23-03-2020
LONDON_CORE_LMM,SCSA,EODLONFO1,SRT,23-03-2020
LONDON_NOTES,SCSA,EODLONFO1,SRT,23-03-2020
LONDONFLOW1,SCSA,EODLONFO1,FRT,23-03-2020
LONDONFLOW2,SCSA,EODLONFO1,FRT,23-03-2020
LONDONFLOW3,SCSA,EODLONFO1,FRT,23-03-2020
TOR1,SCSA,EODLONFO1,FRT,23-03-2020
TOR2,SCSA,EODLONFO1,FRT,23-03-2020
TOR3,SCSA,EODLONFO1,FRT,23-03-2020
TOREST1,SCSA,EODESTMO,FRT,23-03-2020
TOREST2,SCSA,EODESTMO,FRT,23-03-2020
TOREST3,SCSA,EODESTMO,FRT,23-03-2020
INFLATION,SCSA,EODLONFO1,SRT,23-03-2020
INFLATIONEST,SCSA,EODESTMO,SRT,23-03-2020
LONDON_NOTES_LADDER,SCSA,EODLONMO,SRT,23-03-2020
LONDON_CORE_LADDER,SCSA,EODLONMO,SRT,23-03-2020
LONDON_CORE_LMM_LADDER,SCSA,EODLONMO,SRT,23-03-2020
TOREST1_LADDER,SCSA,EODESTMO,FRT,23-03-2020
TOREST2_LADDER,SCSA,EODESTMO,FRT,23-03-2020
TOREST3_LADDER,SCSA,EODESTMO,FRT,23-03-2020
CVA,BASE,,CRT,23-03-2020
FVA,BASE,,CRT,23-03-2020
MC_CVA,BASE,,CRT,23-03-2020
MC_FVA,BASE,,CRT,23-03-2020
CVA_VMREG,BASE,,CRT,23-03-2020
FVA_VMREG,BASE,,CRT,23-03-2020
MC_CVA_VMREG,BASE,,CRT,23-03-2020
MC_FVA_VMREG,BASE,,CRT,23-03-2020
CVA,NEW_TRADE,,CRT,23-03-2020
FVA,NEW_TRADE,,CRT,23-03-2020
MC_CVA,NEW_TRADE,,CRT,23-03-2020
MC_FVA,NEW_TRADE,,CRT,23-03-2020
CVA_VMREG,NEW_TRADE,,CRT,23-03-2020
FVA_VMREG,NEW_TRADE,,CRT,23-03-2020
MC_CVA_VMREG,NEW_TRADE,,CRT,23-03-2020
MC_FVA_VMREG,NEW_TRADE,,CRT,23-03-2020
CVA,THETA,,CRT,23-03-2020
FVA,THETA,,CRT,23-03-2020
MC_CVA,THETA,,CRT,23-03-2020
MC_FVA,THETA,,CRT,23-03-2020
CVA_VMREG,THETA,,CRT,23-03-2020
FVA_VMREG,THETA,,CRT,23-03-2020
MC_CVA_VMREG,THETA,,CRT,23-03-2020
MC_FVA_VMREG,THETA,,CRT,23-03-2020
LONDON_CORE,CSA,GRMLONMO,SRT,24-03-2020
LONDON_CORE_LMM,CSA,GRMLONMO,SRT,24-03-2020
LONDON_NOTES,CSA,GRMLONMO,SRT,24-03-2020
LONDONFLOW1,CSA,GRMLONMO,FRT,24-03-2020
LONDONFLOW2,CSA,GRMLONMO,FRT,24-03-2020
LONDONFLOW3,CSA,GRMLONMO,FRT,24-03-2020
TOR1,CSA,GRMLONMO,FRT,24-03-2020
TOR2,CSA,GRMLONMO,FRT,24-03-2020
TOR3,CSA,GRMLONMO,FRT,24-03-2020
TOREST1,CSA,GRMESTMO,FRT,24-03-2020
TOREST2,CSA,GRMESTMO,FRT,24-03-2020
TOREST3,CSA,GRMESTMO,FRT,24-03-2020
INFLATION,CSA,GRMLONMO,SRT,24-03-2020
INFLATIONEST,CSA,GRMESTMO,SRT,24-03-2020
LONDON_CORE,SCSA,GRMLONMO,SRT,24-03-2020
LONDON_CORE_LMM,SCSA,GRMLONMO,SRT,24-03-2020
LONDON_NOTES,SCSA,GRMLONMO,SRT,24-03-2020
LONDONFLOW1,SCSA,GRMLONMO,FRT,24-03-2020
LONDONFLOW2,SCSA,GRMLONMO,FRT,24-03-2020
LONDONFLOW3,SCSA,GRMLONMO,FRT,24-03-2020
TOR1,SCSA,GRMLONMO,FRT,24-03-2020
TOR2,SCSA,GRMLONMO,FRT,24-03-2020
TOR3,SCSA,GRMLONMO,FRT,24-03-2020
TOREST1,SCSA,GRMESTMO,FRT,24-03-2020
TOREST2,SCSA,GRMESTMO,FRT,24-03-2020
TOREST3,SCSA,GRMESTMO,FRT,24-03-2020
INFLATION,SCSA,GRMLONMO,SRT,24-03-2020
INFLATIONEST,SCSA,GRMLONMO,SRT,24-03-2020
LONDON_CORE,CSA,EODLONFO1,SRT,24-03-2020
LONDON_CORE_LMM,CSA,EODLONFO1,SRT,24-03-2020
LONDON_NOTES,CSA,EODLONFO1,SRT,24-03-2020
LONDONFLOW1,CSA,EODLONFO1,FRT,24-03-2020
LONDONFLOW2,CSA,EODLONFO1,FRT,24-03-2020
LONDONFLOW3,CSA,EODLONFO1,FRT,24-03-2020
TOR1,CSA,EODLONFO1,FRT,24-03-2020
TOR2,CSA,EODLONFO1,FRT,24-03-2020
TOR3,CSA,EODLONFO1,FRT,24-03-2020
TOREST1,CSA,EODESTMO,FRT,24-03-2020
TOREST2,CSA,EODESTMO,FRT,24-03-2020
TOREST3,CSA,EODESTMO,FRT,24-03-2020
XCCY_SWAPS,CSA,EODLONFO1,SRT,24-03-2020
XCCY_SWAPS_MINOR,CSA,EODLONFO1,SRT,24-03-2020
XCCY_SWAPS_EXPR,CSA,EODLONFO1,SRT,24-03-2020
XCCY_SWAPS_EXPR_MINOR,CSA,EODLONFO1,SRT,24-03-2020
INFLATION,CSA,EODLONFO1,SRT,24-03-2020
INFLATIONEST,CSA,EODESTMO,SRT,24-03-2020
LONDON_CORE,SCSA,EODLONFO1,SRT,24-03-2020
LONDON_CORE_LMM,SCSA,EODLONFO1,SRT,24-03-2020
LONDON_NOTES,SCSA,EODLONFO1,SRT,24-03-2020
LONDONFLOW1,SCSA,EODLONFO1,FRT,24-03-2020
LONDONFLOW2,SCSA,EODLONFO1,FRT,24-03-2020
LONDONFLOW3,SCSA,EODLONFO1,FRT,24-03-2020
TOR1,SCSA,EODLONFO1,FRT,24-03-2020
TOR2,SCSA,EODLONFO1,FRT,24-03-2020
TOR3,SCSA,EODLONFO1,FRT,24-03-2020
TOREST1,SCSA,EODESTMO,FRT,24-03-2020
TOREST2,SCSA,EODESTMO,FRT,24-03-2020
TOREST3,SCSA,EODESTMO,FRT,24-03-2020
INFLATION,SCSA,EODLONFO1,SRT,24-03-2020
INFLATIONEST,SCSA,EODESTMO,SRT,24-03-2020
LONDON_NOTES_LADDER,SCSA,EODLONMO,SRT,24-03-2020
LONDON_CORE_LADDER,SCSA,EODLONMO,SRT,24-03-2020
LONDON_CORE_LMM_LADDER,SCSA,EODLONMO,SRT,24-03-2020
TOREST1_LADDER,SCSA,EODESTMO,FRT,24-03-2020
TOREST2_LADDER,SCSA,EODESTMO,FRT,24-03-2020
TOREST3_LADDER,SCSA,EODESTMO,FRT,24-03-2020
CVA,BASE,,CRT,24-03-2020
FVA,BASE,,CRT,24-03-2020
MC_CVA,BASE,,CRT,24-03-2020
MC_FVA,BASE,,CRT,24-03-2020
CVA_VMREG,BASE,,CRT,24-03-2020
FVA_VMREG,BASE,,CRT,24-03-2020
MC_CVA_VMREG,BASE,,CRT,24-03-2020
MC_FVA_VMREG,BASE,,CRT,24-03-2020
CVA,NEW_TRADE,,CRT,24-03-2020
FVA,NEW_TRADE,,CRT,24-03-2020
MC_CVA,NEW_TRADE,,CRT,24-03-2020
MC_FVA,NEW_TRADE,,CRT,24-03-2020
CVA_VMREG,NEW_TRADE,,CRT,24-03-2020
FVA_VMREG,NEW_TRADE,,CRT,24-03-2020
MC_CVA_VMREG,NEW_TRADE,,CRT,24-03-2020
MC_FVA_VMREG,NEW_TRADE,,CRT,24-03-2020
CVA,THETA,,CRT,24-03-2020
FVA,THETA,,CRT,24-03-2020
MC_CVA,THETA,,CRT,24-03-2020
MC_FVA,THETA,,CRT,24-03-2020
CVA_VMREG,THETA,,CRT,24-03-2020
FVA_VMREG,THETA,,CRT,24-03-2020
MC_CVA_VMREG,THETA,,CRT,24-03-2020
MC_FVA_VMREG,THETA,,CRT,24-03-2020
LONDON_CORE,CSA,GRMLONMO,SRT,25-03-2020
LONDON_CORE_LMM,CSA,GRMLONMO,SRT,25-03-2020
LONDON_NOTES,CSA,GRMLONMO,SRT,25-03-2020
LONDONFLOW1,CSA,GRMLONMO,FRT,25-03-2020
LONDONFLOW2,CSA,GRMLONMO,FRT,25-03-2020
LONDONFLOW3,CSA,GRMLONMO,FRT,25-03-2020
TOR1,CSA,GRMLONMO,FRT,25-03-2020
TOR2,CSA,GRMLONMO,FRT,25-03-2020
TOR3,CSA,GRMLONMO,FRT,25-03-2020
TOREST1,CSA,GRMESTMO,FRT,25-03-2020
TOREST2,CSA,GRMESTMO,FRT,25-03-2020
TOREST3,CSA,GRMESTMO,FRT,25-03-2020
INFLATION,CSA,GRMLONMO,SRT,25-03-2020
INFLATIONEST,CSA,GRMESTMO,SRT,25-03-2020
LONDON_CORE,SCSA,GRMLONMO,SRT,25-03-2020
LONDON_CORE_LMM,SCSA,GRMLONMO,SRT,25-03-2020
LONDON_NOTES,SCSA,GRMLONMO,SRT,25-03-2020
LONDONFLOW1,SCSA,GRMLONMO,FRT,25-03-2020
LONDONFLOW2,SCSA,GRMLONMO,FRT,25-03-2020
LONDONFLOW3,SCSA,GRMLONMO,FRT,25-03-2020
TOR1,SCSA,GRMLONMO,FRT,25-03-2020
TOR2,SCSA,GRMLONMO,FRT,25-03-2020
TOR3,SCSA,GRMLONMO,FRT,25-03-2020
TOREST1,SCSA,GRMESTMO,FRT,25-03-2020
TOREST2,SCSA,GRMESTMO,FRT,25-03-2020
TOREST3,SCSA,GRMESTMO,FRT,25-03-2020
INFLATION,SCSA,GRMLONMO,SRT,25-03-2020
INFLATIONEST,SCSA,GRMLONMO,SRT,25-03-2020
LONDON_CORE,CSA,EODLONFO1,SRT,25-03-2020
LONDON_CORE_LMM,CSA,EODLONFO1,SRT,25-03-2020
LONDON_NOTES,CSA,EODLONFO1,SRT,25-03-2020
LONDONFLOW1,CSA,EODLONFO1,FRT,25-03-2020
LONDONFLOW2,CSA,EODLONFO1,FRT,25-03-2020
LONDONFLOW3,CSA,EODLONFO1,FRT,25-03-2020
TOR1,CSA,EODLONFO1,FRT,25-03-2020
TOR2,CSA,EODLONFO1,FRT,25-03-2020
TOR3,CSA,EODLONFO1,FRT,25-03-2020
TOREST1,CSA,EODESTMO,FRT,25-03-2020
TOREST2,CSA,EODESTMO,FRT,25-03-2020
TOREST3,CSA,EODESTMO,FRT,25-03-2020
XCCY_SWAPS,CSA,EODLONFO1,SRT,25-03-2020
XCCY_SWAPS_MINOR,CSA,EODLONFO1,SRT,25-03-2020
XCCY_SWAPS_EXPR,CSA,EODLONFO1,SRT,25-03-2020
XCCY_SWAPS_EXPR_MINOR,CSA,EODLONFO1,SRT,25-03-2020
INFLATION,CSA,EODLONFO1,SRT,25-03-2020
INFLATIONEST,CSA,EODESTMO,SRT,25-03-2020
LONDON_CORE,SCSA,EODLONFO1,SRT,25-03-2020
LONDON_CORE_LMM,SCSA,EODLONFO1,SRT,25-03-2020
LONDON_NOTES,SCSA,EODLONFO1,SRT,25-03-2020
LONDONFLOW1,SCSA,EODLONFO1,FRT,25-03-2020
LONDONFLOW2,SCSA,EODLONFO1,FRT,25-03-2020
LONDONFLOW3,SCSA,EODLONFO1,FRT,25-03-2020
TOR1,SCSA,EODLONFO1,FRT,25-03-2020
TOR2,SCSA,EODLONFO1,FRT,25-03-2020
TOR3,SCSA,EODLONFO1,FRT,25-03-2020
TOREST1,SCSA,EODESTMO,FRT,25-03-2020
TOREST2,SCSA,EODESTMO,FRT,25-03-2020
TOREST3,SCSA,EODESTMO,FRT,25-03-2020
INFLATION,SCSA,EODLONFO1,SRT,25-03-2020
INFLATIONEST,SCSA,EODESTMO,SRT,25-03-2020
LONDON_NOTES_LADDER,SCSA,EODLONMO,SRT,25-03-2020
LONDON_CORE_LADDER,SCSA,EODLONMO,SRT,25-03-2020
LONDON_CORE_LMM_LADDER,SCSA,EODLONMO,SRT,25-03-2020
TOREST1_LADDER,SCSA,EODESTMO,FRT,25-03-2020
TOREST2_LADDER,SCSA,EODESTMO,FRT,25-03-2020
TOREST3_LADDER,SCSA,EODESTMO,FRT,25-03-2020
CVA,BASE,,CRT,25-03-2020
FVA,BASE,,CRT,25-03-2020
MC_CVA,BASE,,CRT,25-03-2020
MC_FVA,BASE,,CRT,25-03-2020
CVA_VMREG,BASE,,CRT,25-03-2020
FVA_VMREG,BASE,,CRT,25-03-2020
MC_CVA_VMREG,BASE,,CRT,25-03-2020
MC_FVA_VMREG,BASE,,CRT,25-03-2020
CVA,NEW_TRADE,,CRT,25-03-2020
FVA,NEW_TRADE,,CRT,25-03-2020
MC_CVA,NEW_TRADE,,CRT,25-03-2020
MC_FVA,NEW_TRADE,,CRT,25-03-2020
CVA_VMREG,NEW_TRADE,,CRT,25-03-2020
FVA_VMREG,NEW_TRADE,,CRT,25-03-2020
MC_CVA_VMREG,NEW_TRADE,,CRT,25-03-2020
MC_FVA_VMREG,NEW_TRADE,,CRT,25-03-2020
CVA,THETA,,CRT,25-03-2020
FVA,THETA,,CRT,25-03-2020
MC_CVA,THETA,,CRT,25-03-2020
MC_FVA,THETA,,CRT,25-03-2020
CVA_VMREG,THETA,,CRT,25-03-2020
FVA_VMREG,THETA,,CRT,25-03-2020
MC_CVA_VMREG,THETA,,CRT,25-03-2020
MC_FVA_VMREG,THETA,,CRT,25-03-2020
LONDON_CORE,CSA,GRMLONMO,SRT,26-03-2020
LONDON_CORE_LMM,CSA,GRMLONMO,SRT,26-03-2020
LONDON_NOTES,CSA,GRMLONMO,SRT,26-03-2020
LONDONFLOW1,CSA,GRMLONMO,FRT,26-03-2020
LONDONFLOW2,CSA,GRMLONMO,FRT,26-03-2020
LONDONFLOW3,CSA,GRMLONMO,FRT,26-03-2020
TOR1,CSA,GRMLONMO,FRT,26-03-2020
TOR2,CSA,GRMLONMO,FRT,26-03-2020
TOR3,CSA,GRMLONMO,FRT,26-03-2020
TOREST1,CSA,GRMESTMO,FRT,26-03-2020
TOREST2,CSA,GRMESTMO,FRT,26-03-2020
TOREST3,CSA,GRMESTMO,FRT,26-03-2020
INFLATION,CSA,GRMLONMO,SRT,26-03-2020
INFLATIONEST,CSA,GRMESTMO,SRT,26-03-2020
LONDON_CORE,SCSA,GRMLONMO,SRT,26-03-2020
LONDON_CORE_LMM,SCSA,GRMLONMO,SRT,26-03-2020
LONDON_NOTES,SCSA,GRMLONMO,SRT,26-03-2020
LONDONFLOW1,SCSA,GRMLONMO,FRT,26-03-2020
LONDONFLOW2,SCSA,GRMLONMO,FRT,26-03-2020
LONDONFLOW3,SCSA,GRMLONMO,FRT,26-03-2020
TOR1,SCSA,GRMLONMO,FRT,26-03-2020
TOR2,SCSA,GRMLONMO,FRT,26-03-2020
TOR3,SCSA,GRMLONMO,FRT,26-03-2020
TOREST1,SCSA,GRMESTMO,FRT,26-03-2020
TOREST2,SCSA,GRMESTMO,FRT,26-03-2020
TOREST3,SCSA,GRMESTMO,FRT,26-03-2020
INFLATION,SCSA,GRMLONMO,SRT,26-03-2020
INFLATIONEST,SCSA,GRMLONMO,SRT,26-03-2020
LONDON_CORE,CSA,EODLONFO1,SRT,26-03-2020
LONDON_CORE_LMM,CSA,EODLONFO1,SRT,26-03-2020
LONDON_NOTES,CSA,EODLONFO1,SRT,26-03-2020
LONDONFLOW1,CSA,EODLONFO1,FRT,26-03-2020
LONDONFLOW2,CSA,EODLONFO1,FRT,26-03-2020
LONDONFLOW3,CSA,EODLONFO1,FRT,26-03-2020
TOR1,CSA,EODLONFO1,FRT,26-03-2020
TOR2,CSA,EODLONFO1,FRT,26-03-2020
TOR3,CSA,EODLONFO1,FRT,26-03-2020
TOREST1,CSA,EODESTMO,FRT,26-03-2020
TOREST2,CSA,EODESTMO,FRT,26-03-2020
TOREST3,CSA,EODESTMO,FRT,26-03-2020
XCCY_SWAPS,CSA,EODLONFO1,SRT,26-03-2020
XCCY_SWAPS_MINOR,CSA,EODLONFO1,SRT,26-03-2020
XCCY_SWAPS_EXPR,CSA,EODLONFO1,SRT,26-03-2020
XCCY_SWAPS_EXPR_MINOR,CSA,EODLONFO1,SRT,26-03-2020
INFLATION,CSA,EODLONFO1,SRT,26-03-2020
INFLATIONEST,CSA,EODESTMO,SRT,26-03-2020
LONDON_CORE,SCSA,EODLONFO1,SRT,26-03-2020
LONDON_CORE_LMM,SCSA,EODLONFO1,SRT,26-03-2020
LONDON_NOTES,SCSA,EODLONFO1,SRT,26-03-2020
LONDONFLOW1,SCSA,EODLONFO1,FRT,26-03-2020
LONDONFLOW2,SCSA,EODLONFO1,FRT,26-03-2020
LONDONFLOW3,SCSA,EODLONFO1,FRT,26-03-2020
TOR1,SCSA,EODLONFO1,FRT,26-03-2020
TOR2,SCSA,EODLONFO1,FRT,26-03-2020
TOR3,SCSA,EODLONFO1,FRT,26-03-2020
TOREST1,SCSA,EODESTMO,FRT,26-03-2020
TOREST2,SCSA,EODESTMO,FRT,26-03-2020
TOREST3,SCSA,EODESTMO,FRT,26-03-2020
INFLATION,SCSA,EODLONFO1,SRT,26-03-2020
INFLATIONEST,SCSA,EODESTMO,SRT,26-03-2020
LONDON_NOTES_LADDER,SCSA,EODLONMO,SRT,26-03-2020
LONDON_CORE_LADDER,SCSA,EODLONMO,SRT,26-03-2020
LONDON_CORE_LMM_LADDER,SCSA,EODLONMO,SRT,26-03-2020
TOREST1_LADDER,SCSA,EODESTMO,FRT,26-03-2020
TOREST2_LADDER,SCSA,EODESTMO,FRT,26-03-2020
TOREST3_LADDER,SCSA,EODESTMO,FRT,26-03-2020
CVA,BASE,,CRT,26-03-2020
FVA,BASE,,CRT,26-03-2020
MC_CVA,BASE,,CRT,26-03-2020
MC_FVA,BASE,,CRT,26-03-2020
CVA_VMREG,BASE,,CRT,26-03-2020
FVA_VMREG,BASE,,CRT,26-03-2020
MC_CVA_VMREG,BASE,,CRT,26-03-2020
MC_FVA_VMREG,BASE,,CRT,26-03-2020
CVA,NEW_TRADE,,CRT,26-03-2020
FVA,NEW_TRADE,,CRT,26-03-2020
MC_CVA,NEW_TRADE,,CRT,26-03-2020
MC_FVA,NEW_TRADE,,CRT,26-03-2020
CVA_VMREG,NEW_TRADE,,CRT,26-03-2020
FVA_VMREG,NEW_TRADE,,CRT,26-03-2020
MC_CVA_VMREG,NEW_TRADE,,CRT,26-03-2020
MC_FVA_VMREG,NEW_TRADE,,CRT,26-03-2020
CVA,THETA,,CRT,26-03-2020
FVA,THETA,,CRT,26-03-2020
MC_CVA,THETA,,CRT,26-03-2020
MC_FVA,THETA,,CRT,26-03-2020
CVA_VMREG,THETA,,CRT,26-03-2020
FVA_VMREG,THETA,,CRT,26-03-2020
MC_CVA_VMREG,THETA,,CRT,26-03-2020
MC_FVA_VMREG,THETA,,CRT,26-03-2020
LONDON_CORE,CSA,GRMLONMO,SRT,27-03-2020
LONDON_CORE_LMM,CSA,GRMLONMO,SRT,27-03-2020
LONDON_NOTES,CSA,GRMLONMO,SRT,27-03-2020
LONDONFLOW1,CSA,GRMLONMO,FRT,27-03-2020
LONDONFLOW2,CSA,GRMLONMO,FRT,27-03-2020
LONDONFLOW3,CSA,GRMLONMO,FRT,27-03-2020
TOR1,CSA,GRMLONMO,FRT,27-03-2020
TOR2,CSA,GRMLONMO,FRT,27-03-2020
TOR3,CSA,GRMLONMO,FRT,27-03-2020
TOREST1,CSA,GRMESTMO,FRT,27-03-2020
TOREST2,CSA,GRMESTMO,FRT,27-03-2020
TOREST3,CSA,GRMESTMO,FRT,27-03-2020
INFLATION,CSA,GRMLONMO,SRT,27-03-2020
INFLATIONEST,CSA,GRMESTMO,SRT,27-03-2020
LONDON_CORE,SCSA,GRMLONMO,SRT,27-03-2020
LONDON_CORE_LMM,SCSA,GRMLONMO,SRT,27-03-2020
LONDON_NOTES,SCSA,GRMLONMO,SRT,27-03-2020
LONDONFLOW1,SCSA,GRMLONMO,FRT,27-03-2020
LONDONFLOW2,SCSA,GRMLONMO,FRT,27-03-2020
LONDONFLOW3,SCSA,GRMLONMO,FRT,27-03-2020
TOR1,SCSA,GRMLONMO,FRT,27-03-2020
TOR2,SCSA,GRMLONMO,FRT,27-03-2020
TOR3,SCSA,GRMLONMO,FRT,27-03-2020
TOREST1,SCSA,GRMESTMO,FRT,27-03-2020
TOREST2,SCSA,GRMESTMO,FRT,27-03-2020
TOREST3,SCSA,GRMESTMO,FRT,27-03-2020
INFLATION,SCSA,GRMLONMO,SRT,27-03-2020
INFLATIONEST,SCSA,GRMLONMO,SRT,27-03-2020
LONDON_CORE,CSA,EODLONFO1,SRT,27-03-2020
LONDON_CORE_LMM,CSA,EODLONFO1,SRT,27-03-2020
LONDON_NOTES,CSA,EODLONFO1,SRT,27-03-2020
LONDONFLOW1,CSA,EODLONFO1,FRT,27-03-2020
LONDONFLOW2,CSA,EODLONFO1,FRT,27-03-2020
LONDONFLOW3,CSA,EODLONFO1,FRT,27-03-2020
TOR1,CSA,EODLONFO1,FRT,27-03-2020
TOR2,CSA,EODLONFO1,FRT,27-03-2020
TOR3,CSA,EODLONFO1,FRT,27-03-2020
TOREST1,CSA,EODESTMO,FRT,27-03-2020
TOREST2,CSA,EODESTMO,FRT,27-03-2020
TOREST3,CSA,EODESTMO,FRT,27-03-2020
XCCY_SWAPS,CSA,EODLONFO1,SRT,27-03-2020
XCCY_SWAPS_MINOR,CSA,EODLONFO1,SRT,27-03-2020
XCCY_SWAPS_EXPR,CSA,EODLONFO1,SRT,27-03-2020
XCCY_SWAPS_EXPR_MINOR,CSA,EODLONFO1,SRT,27-03-2020
INFLATION,CSA,EODLONFO1,SRT,27-03-2020
INFLATIONEST,CSA,EODESTMO,SRT,27-03-2020
LONDON_CORE,SCSA,EODLONFO1,SRT,27-03-2020
LONDON_CORE_LMM,SCSA,EODLONFO1,SRT,27-03-2020
LONDON_NOTES,SCSA,EODLONFO1,SRT,27-03-2020
LONDONFLOW1,SCSA,EODLONFO1,FRT,27-03-2020
LONDONFLOW2,SCSA,EODLONFO1,FRT,27-03-2020
LONDONFLOW3,SCSA,EODLONFO1,FRT,27-03-2020
TOR1,SCSA,EODLONFO1,FRT,27-03-2020
TOR2,SCSA,EODLONFO1,FRT,27-03-2020
TOR3,SCSA,EODLONFO1,FRT,27-03-2020
TOREST1,SCSA,EODESTMO,FRT,27-03-2020
TOREST2,SCSA,EODESTMO,FRT,27-03-2020
TOREST3,SCSA,EODESTMO,FRT,27-03-2020
INFLATION,SCSA,EODLONFO1,SRT,27-03-2020
INFLATIONEST,SCSA,EODESTMO,SRT,27-03-2020
LONDON_NOTES_LADDER,SCSA,EODLONMO,SRT,27-03-2020
LONDON_CORE_LADDER,SCSA,EODLONMO,SRT,27-03-2020
LONDON_CORE_LMM_LADDER,SCSA,EODLONMO,SRT,27-03-2020
TOREST1_LADDER,SCSA,EODESTMO,FRT,27-03-2020
TOREST2_LADDER,SCSA,EODESTMO,FRT,27-03-2020
TOREST3_LADDER,SCSA,EODESTMO,FRT,27-03-2020
CVA,BASE,,CRT,27-03-2020
FVA,BASE,,CRT,27-03-2020
MC_CVA,BASE,,CRT,27-03-2020
MC_FVA,BASE,,CRT,27-03-2020
CVA_VMREG,BASE,,CRT,27-03-2020
FVA_VMREG,BASE,,CRT,27-03-2020
MC_CVA_VMREG,BASE,,CRT,27-03-2020
MC_FVA_VMREG,BASE,,CRT,27-03-2020
CVA,NEW_TRADE,,CRT,27-03-2020
FVA,NEW_TRADE,,CRT,27-03-2020
MC_CVA,NEW_TRADE,,CRT,27-03-2020
MC_FVA,NEW_TRADE,,CRT,27-03-2020
CVA_VMREG,NEW_TRADE,,CRT,27-03-2020
FVA_VMREG,NEW_TRADE,,CRT,27-03-2020
MC_CVA_VMREG,NEW_TRADE,,CRT,27-03-2020
MC_FVA_VMREG,NEW_TRADE,,CRT,27-03-2020
CVA,THETA,,CRT,27-03-2020
FVA,THETA,,CRT,27-03-2020
MC_CVA,THETA,,CRT,27-03-2020
MC_FVA,THETA,,CRT,27-03-2020
CVA_VMREG,THETA,,CRT,27-03-2020
FVA_VMREG,THETA,,CRT,27-03-2020
MC_CVA_VMREG,THETA,,CRT,27-03-2020
MC_FVA_VMREG,THETA,,CRT,27-03-2020
LONDON_CORE,CSA,GRMLONMO,SRT,28-03-2020
LONDON_CORE_LMM,CSA,GRMLONMO,SRT,28-03-2020
LONDON_NOTES,CSA,GRMLONMO,SRT,28-03-2020
LONDONFLOW1,CSA,GRMLONMO,FRT,28-03-2020
LONDONFLOW2,CSA,GRMLONMO,FRT,28-03-2020
LONDONFLOW3,CSA,GRMLONMO,FRT,28-03-2020
TOR1,CSA,GRMLONMO,FRT,28-03-2020
TOR2,CSA,GRMLONMO,FRT,28-03-2020
TOR3,CSA,GRMLONMO,FRT,28-03-2020
TOREST1,CSA,GRMESTMO,FRT,28-03-2020
TOREST2,CSA,GRMESTMO,FRT,28-03-2020
TOREST3,CSA,GRMESTMO,FRT,28-03-2020
INFLATION,CSA,GRMLONMO,SRT,28-03-2020
INFLATIONEST,CSA,GRMESTMO,SRT,28-03-2020
LONDON_CORE,SCSA,GRMLONMO,SRT,28-03-2020
LONDON_CORE_LMM,SCSA,GRMLONMO,SRT,28-03-2020
LONDON_NOTES,SCSA,GRMLONMO,SRT,28-03-2020
LONDONFLOW1,SCSA,GRMLONMO,FRT,28-03-2020
LONDONFLOW2,SCSA,GRMLONMO,FRT,28-03-2020
LONDONFLOW3,SCSA,GRMLONMO,FRT,28-03-2020
TOR1,SCSA,GRMLONMO,FRT,28-03-2020
TOR2,SCSA,GRMLONMO,FRT,28-03-2020
TOR3,SCSA,GRMLONMO,FRT,28-03-2020
TOREST1,SCSA,GRMESTMO,FRT,28-03-2020
TOREST2,SCSA,GRMESTMO,FRT,28-03-2020
TOREST3,SCSA,GRMESTMO,FRT,28-03-2020
INFLATION,SCSA,GRMLONMO,SRT,28-03-2020
INFLATIONEST,SCSA,GRMLONMO,SRT,28-03-2020
LONDON_CORE,CSA,EODLONFO1,SRT,28-03-2020
LONDON_CORE_LMM,CSA,EODLONFO1,SRT,28-03-2020
LONDON_NOTES,CSA,EODLONFO1,SRT,28-03-2020
LONDONFLOW1,CSA,EODLONFO1,FRT,28-03-2020
LONDONFLOW2,CSA,EODLONFO1,FRT,28-03-2020
LONDONFLOW3,CSA,EODLONFO1,FRT,28-03-2020
TOR1,CSA,EODLONFO1,FRT,28-03-2020
TOR2,CSA,EODLONFO1,FRT,28-03-2020
TOR3,CSA,EODLONFO1,FRT,28-03-2020
TOREST1,CSA,EODESTMO,FRT,28-03-2020
TOREST2,CSA,EODESTMO,FRT,28-03-2020
TOREST3,CSA,EODESTMO,FRT,28-03-2020
XCCY_SWAPS,CSA,EODLONFO1,SRT,28-03-2020
XCCY_SWAPS_MINOR,CSA,EODLONFO1,SRT,28-03-2020
XCCY_SWAPS_EXPR,CSA,EODLONFO1,SRT,28-03-2020
XCCY_SWAPS_EXPR_MINOR,CSA,EODLONFO1,SRT,28-03-2020
INFLATION,CSA,EODLONFO1,SRT,28-03-2020
INFLATIONEST,CSA,EODESTMO,SRT,28-03-2020
LONDON_CORE,SCSA,EODLONFO1,SRT,28-03-2020
LONDON_CORE_LMM,SCSA,EODLONFO1,SRT,28-03-2020
LONDON_NOTES,SCSA,EODLONFO1,SRT,28-03-2020
LONDONFLOW1,SCSA,EODLONFO1,FRT,28-03-2020
LONDONFLOW2,SCSA,EODLONFO1,FRT,28-03-2020
LONDONFLOW3,SCSA,EODLONFO1,FRT,28-03-2020
TOR1,SCSA,EODLONFO1,FRT,28-03-2020
TOR2,SCSA,EODLONFO1,FRT,28-03-2020
TOR3,SCSA,EODLONFO1,FRT,28-03-2020
TOREST1,SCSA,EODESTMO,FRT,28-03-2020
TOREST2,SCSA,EODESTMO,FRT,28-03-2020
TOREST3,SCSA,EODESTMO,FRT,28-03-2020
INFLATION,SCSA,EODLONFO1,SRT,28-03-2020
INFLATIONEST,SCSA,EODESTMO,SRT,28-03-2020
LONDON_NOTES_LADDER,SCSA,EODLONMO,SRT,28-03-2020
LONDON_CORE_LADDER,SCSA,EODLONMO,SRT,28-03-2020
LONDON_CORE_LMM_LADDER,SCSA,EODLONMO,SRT,28-03-2020
TOREST1_LADDER,SCSA,EODESTMO,FRT,28-03-2020
TOREST2_LADDER,SCSA,EODESTMO,FRT,28-03-2020
TOREST3_LADDER,SCSA,EODESTMO,FRT,28-03-2020
CVA,BASE,,CRT,28-03-2020
FVA,BASE,,CRT,28-03-2020
MC_CVA,BASE,,CRT,28-03-2020
MC_FVA,BASE,,CRT,28-03-2020
CVA_VMREG,BASE,,CRT,28-03-2020
FVA_VMREG,BASE,,CRT,28-03-2020
MC_CVA_VMREG,BASE,,CRT,28-03-2020
MC_FVA_VMREG,BASE,,CRT,28-03-2020
CVA,NEW_TRADE,,CRT,28-03-2020
FVA,NEW_TRADE,,CRT,28-03-2020
MC_CVA,NEW_TRADE,,CRT,28-03-2020
MC_FVA,NEW_TRADE,,CRT,28-03-2020
CVA_VMREG,NEW_TRADE,,CRT,28-03-2020
FVA_VMREG,NEW_TRADE,,CRT,28-03-2020
MC_CVA_VMREG,NEW_TRADE,,CRT,28-03-2020
MC_FVA_VMREG,NEW_TRADE,,CRT,28-03-2020
CVA,THETA,,CRT,28-03-2020
FVA,THETA,,CRT,28-03-2020
MC_CVA,THETA,,CRT,28-03-2020
MC_FVA,THETA,,CRT,28-03-2020
CVA_VMREG,THETA,,CRT,28-03-2020
FVA_VMREG,THETA,,CRT,28-03-2020
MC_CVA_VMREG,THETA,,CRT,28-03-2020
MC_FVA_VMREG,THETA,,CRT,28-03-2020
LONDON_CORE,CSA,GRMLONMO,SRT,29-03-2020
LONDON_CORE_LMM,CSA,GRMLONMO,SRT,29-03-2020
LONDON_NOTES,CSA,GRMLONMO,SRT,29-03-2020
LONDONFLOW1,CSA,GRMLONMO,FRT,29-03-2020
LONDONFLOW2,CSA,GRMLONMO,FRT,29-03-2020
LONDONFLOW3,CSA,GRMLONMO,FRT,29-03-2020
TOR1,CSA,GRMLONMO,FRT,29-03-2020
TOR2,CSA,GRMLONMO,FRT,29-03-2020
TOR3,CSA,GRMLONMO,FRT,29-03-2020
TOREST1,CSA,GRMESTMO,FRT,29-03-2020
TOREST2,CSA,GRMESTMO,FRT,29-03-2020
TOREST3,CSA,GRMESTMO,FRT,29-03-2020
INFLATION,CSA,GRMLONMO,SRT,29-03-2020
INFLATIONEST,CSA,GRMESTMO,SRT,29-03-2020
LONDON_CORE,SCSA,GRMLONMO,SRT,29-03-2020
LONDON_CORE_LMM,SCSA,GRMLONMO,SRT,29-03-2020
LONDON_NOTES,SCSA,GRMLONMO,SRT,29-03-2020
LONDONFLOW1,SCSA,GRMLONMO,FRT,29-03-2020
LONDONFLOW2,SCSA,GRMLONMO,FRT,29-03-2020
LONDONFLOW3,SCSA,GRMLONMO,FRT,29-03-2020
TOR1,SCSA,GRMLONMO,FRT,29-03-2020
TOR2,SCSA,GRMLONMO,FRT,29-03-2020
TOR3,SCSA,GRMLONMO,FRT,29-03-2020
TOREST1,SCSA,GRMESTMO,FRT,29-03-2020
TOREST2,SCSA,GRMESTMO,FRT,29-03-2020
TOREST3,SCSA,GRMESTMO,FRT,29-03-2020
INFLATION,SCSA,GRMLONMO,SRT,29-03-2020
INFLATIONEST,SCSA,GRMLONMO,SRT,29-03-2020
LONDON_CORE,CSA,EODLONFO1,SRT,29-03-2020
LONDON_CORE_LMM,CSA,EODLONFO1,SRT,29-03-2020
LONDON_NOTES,CSA,EODLONFO1,SRT,29-03-2020
LONDONFLOW1,CSA,EODLONFO1,FRT,29-03-2020
LONDONFLOW2,CSA,EODLONFO1,FRT,29-03-2020
LONDONFLOW3,CSA,EODLONFO1,FRT,29-03-2020
TOR1,CSA,EODLONFO1,FRT,29-03-2020
TOR2,CSA,EODLONFO1,FRT,29-03-2020
TOR3,CSA,EODLONFO1,FRT,29-03-2020
TOREST1,CSA,EODESTMO,FRT,29-03-2020
TOREST2,CSA,EODESTMO,FRT,29-03-2020
TOREST3,CSA,EODESTMO,FRT,29-03-2020
XCCY_SWAPS,CSA,EODLONFO1,SRT,29-03-2020
XCCY_SWAPS_MINOR,CSA,EODLONFO1,SRT,29-03-2020
XCCY_SWAPS_EXPR,CSA,EODLONFO1,SRT,29-03-2020
XCCY_SWAPS_EXPR_MINOR,CSA,EODLONFO1,SRT,29-03-2020
INFLATION,CSA,EODLONFO1,SRT,29-03-2020
INFLATIONEST,CSA,EODESTMO,SRT,29-03-2020
LONDON_CORE,SCSA,EODLONFO1,SRT,29-03-2020
LONDON_CORE_LMM,SCSA,EODLONFO1,SRT,29-03-2020
LONDON_NOTES,SCSA,EODLONFO1,SRT,29-03-2020
LONDONFLOW1,SCSA,EODLONFO1,FRT,29-03-2020
LONDONFLOW2,SCSA,EODLONFO1,FRT,29-03-2020
LONDONFLOW3,SCSA,EODLONFO1,FRT,29-03-2020
TOR1,SCSA,EODLONFO1,FRT,29-03-2020
TOR2,SCSA,EODLONFO1,FRT,29-03-2020
TOR3,SCSA,EODLONFO1,FRT,29-03-2020
TOREST1,SCSA,EODESTMO,FRT,29-03-2020
TOREST2,SCSA,EODESTMO,FRT,29-03-2020
TOREST3,SCSA,EODESTMO,FRT,29-03-2020
INFLATION,SCSA,EODLONFO1,SRT,29-03-2020
INFLATIONEST,SCSA,EODESTMO,SRT,29-03-2020
LONDON_NOTES_LADDER,SCSA,EODLONMO,SRT,29-03-2020
LONDON_CORE_LADDER,SCSA,EODLONMO,SRT,29-03-2020
LONDON_CORE_LMM_LADDER,SCSA,EODLONMO,SRT,29-03-2020
TOREST1_LADDER,SCSA,EODESTMO,FRT,29-03-2020
TOREST2_LADDER,SCSA,EODESTMO,FRT,29-03-2020
TOREST3_LADDER,SCSA,EODESTMO,FRT,29-03-2020
CVA,BASE,,CRT,29-03-2020
FVA,BASE,,CRT,29-03-2020
MC_CVA,BASE,,CRT,29-03-2020
MC_FVA,BASE,,CRT,29-03-2020
CVA_VMREG,BASE,,CRT,29-03-2020
FVA_VMREG,BASE,,CRT,29-03-2020
MC_CVA_VMREG,BASE,,CRT,29-03-2020
MC_FVA_VMREG,BASE,,CRT,29-03-2020
CVA,NEW_TRADE,,CRT,29-03-2020
FVA,NEW_TRADE,,CRT,29-03-2020
MC_CVA,NEW_TRADE,,CRT,29-03-2020
MC_FVA,NEW_TRADE,,CRT,29-03-2020
CVA_VMREG,NEW_TRADE,,CRT,29-03-2020
FVA_VMREG,NEW_TRADE,,CRT,29-03-2020
MC_CVA_VMREG,NEW_TRADE,,CRT,29-03-2020
MC_FVA_VMREG,NEW_TRADE,,CRT,29-03-2020
CVA,THETA,,CRT,29-03-2020
FVA,THETA,,CRT,29-03-2020
MC_CVA,THETA,,CRT,29-03-2020
MC_FVA,THETA,,CRT,29-03-2020
CVA_VMREG,THETA,,CRT,29-03-2020
FVA_VMREG,THETA,,CRT,29-03-2020
MC_CVA_VMREG,THETA,,CRT,29-03-2020
MC_FVA_VMREG,THETA,,CRT,29-03-2020
LONDON_CORE,CSA,GRMLONMO,SRT,30-03-2020
LONDON_CORE_LMM,CSA,GRMLONMO,SRT,30-03-2020
LONDON_NOTES,CSA,GRMLONMO,SRT,30-03-2020
LONDONFLOW1,CSA,GRMLONMO,FRT,30-03-2020
LONDONFLOW2,CSA,GRMLONMO,FRT,30-03-2020
LONDONFLOW3,CSA,GRMLONMO,FRT,30-03-2020
TOR1,CSA,GRMLONMO,FRT,30-03-2020
TOR2,CSA,GRMLONMO,FRT,30-03-2020
TOR3,CSA,GRMLONMO,FRT,30-03-2020
TOREST1,CSA,GRMESTMO,FRT,30-03-2020
TOREST2,CSA,GRMESTMO,FRT,30-03-2020
TOREST3,CSA,GRMESTMO,FRT,30-03-2020
INFLATION,CSA,GRMLONMO,SRT,30-03-2020
INFLATIONEST,CSA,GRMESTMO,SRT,30-03-2020
LONDON_CORE,SCSA,GRMLONMO,SRT,30-03-2020
LONDON_CORE_LMM,SCSA,GRMLONMO,SRT,30-03-2020
LONDON_NOTES,SCSA,GRMLONMO,SRT,30-03-2020
LONDONFLOW1,SCSA,GRMLONMO,FRT,30-03-2020
LONDONFLOW2,SCSA,GRMLONMO,FRT,30-03-2020
LONDONFLOW3,SCSA,GRMLONMO,FRT,30-03-2020
TOR1,SCSA,GRMLONMO,FRT,30-03-2020
TOR2,SCSA,GRMLONMO,FRT,30-03-2020
TOR3,SCSA,GRMLONMO,FRT,30-03-2020
TOREST1,SCSA,GRMESTMO,FRT,30-03-2020
TOREST2,SCSA,GRMESTMO,FRT,30-03-2020
TOREST3,SCSA,GRMESTMO,FRT,30-03-2020
INFLATION,SCSA,GRMLONMO,SRT,30-03-2020
INFLATIONEST,SCSA,GRMLONMO,SRT,30-03-2020
LONDON_CORE,CSA,EODLONFO1,SRT,30-03-2020
LONDON_CORE_LMM,CSA,EODLONFO1,SRT,30-03-2020
LONDON_NOTES,CSA,EODLONFO1,SRT,30-03-2020
LONDONFLOW1,CSA,EODLONFO1,FRT,30-03-2020
LONDONFLOW2,CSA,EODLONFO1,FRT,30-03-2020
LONDONFLOW3,CSA,EODLONFO1,FRT,30-03-2020
TOR1,CSA,EODLONFO1,FRT,30-03-2020
TOR2,CSA,EODLONFO1,FRT,30-03-2020
TOR3,CSA,EODLONFO1,FRT,30-03-2020
TOREST1,CSA,EODESTMO,FRT,30-03-2020
TOREST2,CSA,EODESTMO,FRT,30-03-2020
TOREST3,CSA,EODESTMO,FRT,30-03-2020
XCCY_SWAPS,CSA,EODLONFO1,SRT,30-03-2020
XCCY_SWAPS_MINOR,CSA,EODLONFO1,SRT,30-03-2020
XCCY_SWAPS_EXPR,CSA,EODLONFO1,SRT,30-03-2020
XCCY_SWAPS_EXPR_MINOR,CSA,EODLONFO1,SRT,30-03-2020
INFLATION,CSA,EODLONFO1,SRT,30-03-2020
INFLATIONEST,CSA,EODESTMO,SRT,30-03-2020
LONDON_CORE,SCSA,EODLONFO1,SRT,30-03-2020
LONDON_CORE_LMM,SCSA,EODLONFO1,SRT,30-03-2020
LONDON_NOTES,SCSA,EODLONFO1,SRT,30-03-2020
LONDONFLOW1,SCSA,EODLONFO1,FRT,30-03-2020
LONDONFLOW2,SCSA,EODLONFO1,FRT,30-03-2020
LONDONFLOW3,SCSA,EODLONFO1,FRT,30-03-2020
TOR1,SCSA,EODLONFO1,FRT,30-03-2020
TOR2,SCSA,EODLONFO1,FRT,30-03-2020
TOR3,SCSA,EODLONFO1,FRT,30-03-2020
TOREST1,SCSA,EODESTMO,FRT,30-03-2020
TOREST2,SCSA,EODESTMO,FRT,30-03-2020
TOREST3,SCSA,EODESTMO,FRT,30-03-2020
INFLATION,SCSA,EODLONFO1,SRT,30-03-2020
INFLATIONEST,SCSA,EODESTMO,SRT,30-03-2020
LONDON_NOTES_LADDER,SCSA,EODLONMO,SRT,30-03-2020
LONDON_CORE_LADDER,SCSA,EODLONMO,SRT,30-03-2020
LONDON_CORE_LMM_LADDER,SCSA,EODLONMO,SRT,30-03-2020
TOREST1_LADDER,SCSA,EODESTMO,FRT,30-03-2020
TOREST2_LADDER,SCSA,EODESTMO,FRT,30-03-2020
TOREST3_LADDER,SCSA,EODESTMO,FRT,30-03-2020
CVA,BASE,,CRT,30-03-2020
FVA,BASE,,CRT,30-03-2020
MC_CVA,BASE,,CRT,30-03-2020
MC_FVA,BASE,,CRT,30-03-2020
CVA_VMREG,BASE,,CRT,30-03-2020
FVA_VMREG,BASE,,CRT,30-03-2020
MC_CVA_VMREG,BASE,,CRT,30-03-2020
MC_FVA_VMREG,BASE,,CRT,30-03-2020
CVA,NEW_TRADE,,CRT,30-03-2020
FVA,NEW_TRADE,,CRT,30-03-2020
MC_CVA,NEW_TRADE,,CRT,30-03-2020
MC_FVA,NEW_TRADE,,CRT,30-03-2020
CVA_VMREG,NEW_TRADE,,CRT,30-03-2020
FVA_VMREG,NEW_TRADE,,CRT,30-03-2020
MC_CVA_VMREG,NEW_TRADE,,CRT,30-03-2020
MC_FVA_VMREG,NEW_TRADE,,CRT,30-03-2020
CVA,THETA,,CRT,30-03-2020
FVA,THETA,,CRT,30-03-2020
MC_CVA,THETA,,CRT,30-03-2020
MC_FVA,THETA,,CRT,30-03-2020
CVA_VMREG,THETA,,CRT,30-03-2020
FVA_VMREG,THETA,,CRT,30-03-2020
MC_CVA_VMREG,THETA,,CRT,30-03-2020
MC_FVA_VMREG,THETA,,CRT,30-03-2020
LONDON_CORE,CSA,GRMLONMO,SRT,31-03-2020
LONDON_CORE_LMM,CSA,GRMLONMO,SRT,31-03-2020
LONDON_NOTES,CSA,GRMLONMO,SRT,31-03-2020
LONDONFLOW1,CSA,GRMLONMO,FRT,31-03-2020
LONDONFLOW2,CSA,GRMLONMO,FRT,31-03-2020
LONDONFLOW3,CSA,GRMLONMO,FRT,31-03-2020
TOR1,CSA,GRMLONMO,FRT,31-03-2020
TOR2,CSA,GRMLONMO,FRT,31-03-2020
TOR3,CSA,GRMLONMO,FRT,31-03-2020
TOREST1,CSA,GRMESTMO,FRT,31-03-2020
TOREST2,CSA,GRMESTMO,FRT,31-03-2020
TOREST3,CSA,GRMESTMO,FRT,31-03-2020
INFLATION,CSA,GRMLONMO,SRT,31-03-2020
INFLATIONEST,CSA,GRMESTMO,SRT,31-03-2020
LONDON_CORE,SCSA,GRMLONMO,SRT,31-03-2020
LONDON_CORE_LMM,SCSA,GRMLONMO,SRT,31-03-2020
LONDON_NOTES,SCSA,GRMLONMO,SRT,31-03-2020
LONDONFLOW1,SCSA,GRMLONMO,FRT,31-03-2020
LONDONFLOW2,SCSA,GRMLONMO,FRT,31-03-2020
LONDONFLOW3,SCSA,GRMLONMO,FRT,31-03-2020
TOR1,SCSA,GRMLONMO,FRT,31-03-2020
TOR2,SCSA,GRMLONMO,FRT,31-03-2020
TOR3,SCSA,GRMLONMO,FRT,31-03-2020
TOREST1,SCSA,GRMESTMO,FRT,31-03-2020
TOREST2,SCSA,GRMESTMO,FRT,31-03-2020
TOREST3,SCSA,GRMESTMO,FRT,31-03-2020
INFLATION,SCSA,GRMLONMO,SRT,31-03-2020
INFLATIONEST,SCSA,GRMLONMO,SRT,31-03-2020
LONDON_CORE,CSA,EODLONFO1,SRT,31-03-2020
LONDON_CORE_LMM,CSA,EODLONFO1,SRT,31-03-2020
LONDON_NOTES,CSA,EODLONFO1,SRT,31-03-2020
LONDONFLOW1,CSA,EODLONFO1,FRT,31-03-2020
LONDONFLOW2,CSA,EODLONFO1,FRT,31-03-2020
LONDONFLOW3,CSA,EODLONFO1,FRT,31-03-2020
TOR1,CSA,EODLONFO1,FRT,31-03-2020
TOR2,CSA,EODLONFO1,FRT,31-03-2020
TOR3,CSA,EODLONFO1,FRT,31-03-2020
TOREST1,CSA,EODESTMO,FRT,31-03-2020
TOREST2,CSA,EODESTMO,FRT,31-03-2020
TOREST3,CSA,EODESTMO,FRT,31-03-2020
XCCY_SWAPS,CSA,EODLONFO1,SRT,31-03-2020
XCCY_SWAPS_MINOR,CSA,EODLONFO1,SRT,31-03-2020
XCCY_SWAPS_EXPR,CSA,EODLONFO1,SRT,31-03-2020
XCCY_SWAPS_EXPR_MINOR,CSA,EODLONFO1,SRT,31-03-2020
INFLATION,CSA,EODLONFO1,SRT,31-03-2020
INFLATIONEST,CSA,EODESTMO,SRT,31-03-2020
LONDON_CORE,SCSA,EODLONFO1,SRT,31-03-2020
LONDON_CORE_LMM,SCSA,EODLONFO1,SRT,31-03-2020
LONDON_NOTES,SCSA,EODLONFO1,SRT,31-03-2020
LONDONFLOW1,SCSA,EODLONFO1,FRT,31-03-2020
LONDONFLOW2,SCSA,EODLONFO1,FRT,31-03-2020
LONDONFLOW3,SCSA,EODLONFO1,FRT,31-03-2020
TOR1,SCSA,EODLONFO1,FRT,31-03-2020
TOR2,SCSA,EODLONFO1,FRT,31-03-2020
TOR3,SCSA,EODLONFO1,FRT,31-03-2020
TOREST1,SCSA,EODESTMO,FRT,31-03-2020
TOREST2,SCSA,EODESTMO,FRT,31-03-2020
TOREST3,SCSA,EODESTMO,FRT,31-03-2020
INFLATION,SCSA,EODLONFO1,SRT,31-03-2020
INFLATIONEST,SCSA,EODESTMO,SRT,31-03-2020
LONDON_NOTES_LADDER,SCSA,EODLONMO,SRT,31-03-2020
LONDON_CORE_LADDER,SCSA,EODLONMO,SRT,31-03-2020
LONDON_CORE_LMM_LADDER,SCSA,EODLONMO,SRT,31-03-2020
TOREST1_LADDER,SCSA,EODESTMO,FRT,31-03-2020
TOREST2_LADDER,SCSA,EODESTMO,FRT,31-03-2020
TOREST3_LADDER,SCSA,EODESTMO,FRT,31-03-2020
CVA,BASE,,CRT,31-03-2020
FVA,BASE,,CRT,31-03-2020
MC_CVA,BASE,,CRT,31-03-2020
MC_FVA,BASE,,CRT,31-03-2020
CVA_VMREG,BASE,,CRT,31-03-2020
FVA_VMREG,BASE,,CRT,31-03-2020
MC_CVA_VMREG,BASE,,CRT,31-03-2020
MC_FVA_VMREG,BASE,,CRT,31-03-2020
CVA,NEW_TRADE,,CRT,31-03-2020
FVA,NEW_TRADE,,CRT,31-03-2020
MC_CVA,NEW_TRADE,,CRT,31-03-2020
MC_FVA,NEW_TRADE,,CRT,31-03-2020
CVA_VMREG,NEW_TRADE,,CRT,31-03-2020
FVA_VMREG,NEW_TRADE,,CRT,31-03-2020
MC_CVA_VMREG,NEW_TRADE,,CRT,31-03-2020
MC_FVA_VMREG,NEW_TRADE,,CRT,31-03-2020
CVA,THETA,,CRT,31-03-2020
FVA,THETA,,CRT,31-03-2020
MC_CVA,THETA,,CRT,31-03-2020
MC_FVA,THETA,,CRT,31-03-2020
CVA_VMREG,THETA,,CRT,31-03-2020
FVA_VMREG,THETA,,CRT,31-03-2020
MC_CVA_VMREG,THETA,,CRT,31-03-2020
MC_FVA_VMREG,THETA,,CRT,31-03-2020
